,0,1,2,3,4,5,6,7,8,9,10,11
0,86.79781996905376,20.994657570353567,92.27268393984504,65.80316240638055,121.80338560595959,77.61788743704957,0.5428007728090373,20.023522238603533,12.616866820140684,11.0040356841031,2.01937607385863,27.75522709598137
1,86.74710079803162,21.03086069119683,92.18349286601729,65.71624011438163,121.85279776620963,77.66895144795006,0.5409605510582963,19.802348949118947,12.592094279625591,11.095769645864577,1.835601190309772,27.704835615366864
2,65.84913539164424,18.439890015436344,62.98475845096753,47.40924537234593,118.79974742403937,34.85654964035556,0.7797068771577935,24.8853146916271,11.841501598642926,13.096163595210637,-8.437006726901425,41.36737335502643
3,46.03098010298414,8.191104680165338,43.149689284163735,37.83987541663453,100.32771019748944,25.610380406223065,0.19450591484335522,16.985327809075056,12.925916811094867,11.346606223195586,-11.710653024237798,31.388225806321547
4,81.04533700597284,25.202030662703553,60.03881642044683,55.84330633326928,114.77598985268325,33.42875300776193,0.7887460520397659,18.95410728071315,11.132789784441037,10.083633587118324,-28.43981267980074,24.145886443242688
5,67.15204482783257,14.714657772871966,72.24742318200953,52.43738705496061,82.64126564507549,41.867250134309174,0.7399633146675361,24.44442663037191,12.525198541212557,11.953602568210037,-7.982934850219655,39.497462724624285
6,84.06747122264338,22.943568477579866,87.47128967986647,61.12390274555712,124.46337446376674,80.36679983721379,0.4437367098719922,8.117172006262217,11.283294650531486,15.942320408617679,-7.873717855066961,25.042518801409866
7,81.93900887199388,36.39040554022564,86.54162449250377,45.54860333176825,139.8702660457543,86.54550568973221,0.4996161746576972,27.396854220508093,14.070169240204969,12.099798558431658,-14.158324195076382,34.530494413035804
8,44.39197005506236,1.6305388963215588,37.942242078687514,42.761431152948205,98.15686126099607,24.063879762176818,0.1880392278524653,10.185544553197671,12.518623966274774,9.87857980741158,-6.258997832400299,25.433232816446214
9,74.8773361657504,14.05128657410674,62.62134143078062,60.82604958215845,115.39786582835683,33.09007421106041,0.8144810011862383,19.934820483071174,9.500785121310836,14.215369734757326,3.3848050974183,38.84112865694482
10,77.84239607227963,17.194030822967033,52.80928832899307,60.64836524707139,111.608535763861,39.50736006570665,0.7076131270143243,20.054971154346713,12.208719602062342,7.512317576363162,-33.27023119842637,21.546543808489215
11,57.356201621003144,0.08658154959240161,57.625543830666416,57.269620071115455,109.53935316536688,31.130992699916334,0.7646802992686318,36.01389946270296,12.955415127372163,13.526626051254361,-3.339317793543869,25.035064185001545
12,62.13906579289446,15.165299721447544,60.67176415142015,46.973766067896975,113.47460613535071,24.578715335761203,0.3486167252721511,24.178472319287337,10.90261306154472,10.914474200205142,-29.10672997659259,19.289328284102858
13,41.320251136964515,17.928379993315037,25.195324400764065,23.391871143649478,119.3552519981762,0.731900141558909,0.2384867117327862,25.016122155292166,7.566838021273411,9.103740674915912,-7.849711380290813,11.729542792423223
14,63.14660101515365,24.296535446598266,54.10336601825443,38.85006556855538,106.5033875316271,16.072031197650126,0.6695716899737142,12.087819302745103,17.608165298342644,7.7081086561090455,-14.189766777653592,44.2007613081861
15,40.80221445934985,14.793620823472704,29.91410487345916,26.00859363587714,121.41242582225061,2.8257325589898272,0.47865738159526505,28.038511244303653,16.56723829263922,14.34706866798094,-10.432107441887233,28.68314166462265
16,46.526653264144585,14.173946592861732,39.54321706821219,32.35270667128285,101.30773368356046,7.027606808459405,0.8675761885032413,21.604155645902956,17.25589843507732,11.901728863797043,-26.04382181290788,15.29483831723229
17,58.72237153074974,33.62130576377745,52.045118352521584,25.10106575838851,141.37006016510034,147.0705814301525,0.5593553049635295,22.45208382192223,7.908773158018821,7.973669926428617,-27.554842728213913,17.668197726458416
18,79.32309783511303,35.60163390662437,86.80067475243604,43.72146392641238,126.97925797221524,100.48451002079841,0.11563117394164696,15.775874890885838,15.628191114370367,10.2247679600735,4.539564917242801,32.01512219533525
19,85.04613743966638,22.708599499572696,77.16003083019346,62.33753794009368,123.90591253280871,67.46886563802424,0.6660096826438188,33.19987267365865,14.260444509717415,13.869624773468171,-20.060981147125407,13.067960998146237
20,56.317829832746334,13.581546043368407,43.459584946896726,42.73628378937793,93.74181342368767,21.409706114706733,0.5190985740016703,8.342277617219223,18.04234531952024,14.982855259044491,-16.059972040730564,32.79709163491336
21,90.18922817459992,29.23931379858586,69.11699994788461,60.94991437601406,100.61187204282541,58.57683344285856,0.8326031368536306,13.301445034895242,15.853749148158702,16.51559983319459,-10.987022035323992,33.59989875818149
22,39.77432620855035,13.385736118495299,30.889622839139246,26.38859009005505,122.34466310721969,0.419872011156432,0.3476164298225284,27.607379219094994,16.56447638866374,13.646071596127197,-15.059073326219352,24.217030763342933
23,55.28925522911626,20.44924604838431,34.00991908767988,34.84000918073195,115.87974457025125,3.5567265122815304,0.6804939501906986,16.704598605111393,15.965346319019714,14.371658609145046,4.7757116000600215,43.25888457586596
24,69.91664221359152,43.18785153441795,76.69207079863317,26.728790684413553,125.0948715303317,61.545135259844685,0.49664377785318603,13.589497870112229,15.242936422834626,12.45337076215879,-27.676567492611145,34.862221761619494
25,43.47579568418305,20.121870397164894,33.338623604089655,23.353925287018157,122.0603506821652,-1.792208156382804,0.1201309003288138,27.956962147292103,15.063573745237576,14.144816912577069,-25.14609459669747,24.726245553271383
26,55.02797085415505,20.878036267034407,39.7712078382908,34.14993458712065,122.44753675772048,2.766020062922914,0.3249441062066406,21.192905936565694,14.738402558020534,14.211361254848903,4.076326033367593,30.357986869514278
27,79.03744207160209,20.892071432694834,60.387565338640044,58.14537063890724,95.80637901406257,37.985393922048736,0.4331384181752185,12.291168843151437,9.638122963983271,8.095545722235226,-16.480658734548232,27.62521322626094
28,53.7991921688989,10.795880129788088,58.76751576183976,43.00331203554605,122.39084257936635,28.68110224398993,0.6018432251369785,22.967953220307123,14.941459198190067,8.617548232549042,-32.54301853962066,39.58630988805197
29,63.195074020937454,15.168770972841553,59.9474119570905,48.02630304594974,112.76493478265168,23.324576211490168,0.3306596490916103,24.59752919122821,9.42857223218148,10.633114261698143,-30.656445020140694,18.44944577545277
30,40.096049651845775,13.281355725963827,39.327238664737756,26.81469391739877,124.78402479087309,3.4985686761941253,0.7867173479877985,30.718735022415466,8.536741737511443,10.281374536338056,-2.010769722034148,30.23862696662261
31,44.41160008927245,-5.6475673777724555,65.53547027289126,50.05916746018908,110.20988940830269,27.442627445057347,0.8954516774451138,15.029998127561608,11.493725097423123,16.037411768429372,-1.173168780912349,22.11250689293427
32,53.29562187355798,19.930000131515456,32.97369334305545,33.36562174204252,110.80083347786817,5.980923186263455,0.12529080833135042,16.2235697656037,13.077189229412655,12.22826027847113,-1.6459784861390052,15.815322036661223
33,58.03737891246609,17.286089105019524,49.74742828355122,40.75128980194919,123.70349173892642,23.165459222790986,0.604750489799127,21.24385593697359,11.608656754290973,13.020764909914945,-33.91911121434722,35.57337429562812
34,74.74611892260502,14.234829665772597,38.855531460456945,60.511289254727465,108.87175256423671,36.207763498136096,0.9461344336206705,24.320589474041995,8.467228156421804,12.634892558444129,2.1493345784727516,33.058355708854975
35,96.51914225044254,19.475494015523356,90.26706946677827,77.04364822522699,120.67722355445285,64.27567329941569,0.6226400669909776,21.537699880906718,13.054979959804214,11.324074290335641,-13.796188557245099,20.938237184824963
36,49.9251816412385,22.71384661004187,42.8600815315829,27.211335031196633,117.40785703000684,0.9207066860854001,0.22088167253499097,27.92751917126756,15.738795795782696,14.637386969128446,-0.04124630765335979,13.48894414076203
37,66.24739086960142,14.723798411662706,70.94679835454936,51.52359245538273,84.4605486726609,39.037716493018735,0.7491875590253666,24.669252007156267,14.060221802383376,12.191626587722888,-10.893218223659353,34.02158537300456
38,63.565964102549934,6.863762407076305,61.147157066435994,56.70220169901716,109.69317633037156,42.10582320109657,0.21100922718431253,26.245964362513078,10.521473199822701,15.668680654186078,-4.5562584105846575,41.621018984430094
39,78.93240905111394,23.569329417564102,41.528102765633825,55.36307963354982,98.7556850447936,36.30605328479409,0.6833894536482598,29.100413193747954,14.399826099790983,16.416633689969697,-0.04163108939636992,31.887963969914967
40,81.76126262565062,28.893694115714794,58.22131559270299,52.86756850993582,120.51229845860045,54.42392432644793,0.7474076893911841,21.61853262015304,17.15915429454547,9.116460429127526,-14.205922006514193,32.15548571081126
41,88.2496704245161,30.489420009753633,47.60876920798846,57.76025041476247,121.81233392953514,53.281385242278915,0.6640496691979334,15.276134973059737,13.419760456152657,14.453771145360054,-2.7871105131271223,33.42028951253622
42,85.4184263375594,20.056088743443823,73.56001909937301,65.36233759411557,121.66642400975401,73.81748303792459,0.21352745013959046,26.179504147043126,11.624276747264059,13.803363145302864,-13.480217461604362,40.02620915677388
43,66.54646116996939,17.995155791272552,61.71797807222735,48.551305376557416,115.3761136451223,34.098786029804344,0.8135769226117844,22.259033698999787,12.30376729230272,12.528110440510716,-11.163621733857143,41.76988350794595
44,61.11703551990618,15.52940276033199,43.875637038119095,45.58763276094423,112.89751262114437,31.706008471872728,0.725173608824632,25.51495413940645,16.761108945551562,12.582973178500541,-18.442494897546162,21.05170331340385
45,55.29626475961792,17.852797376680247,43.159124133176036,37.44346739293768,121.24574204690445,36.18687476400629,0.6072044112187887,33.68411469153351,11.613531629373965,14.40438666849495,-29.73456226968018,27.67119080682296
46,66.56923614506258,25.64151638188644,48.35016191591552,40.9277197679561,117.51872159068199,-1.3762152666889251,0.6617945861374783,10.662465095174657,9.300868484487124,10.675833632518867,-1.3003998084277741,31.017740032203434
47,90.94579772531338,20.036682961564726,92.50859049035395,70.90911476647169,120.84593926102794,72.1280853619584,0.5924630695931505,23.005926547247412,13.050138014938048,10.117393345849049,-1.8118523317418855,25.788127806669454
48,80.94384761246046,34.73778685801665,68.14325647199811,46.20606075917313,142.74939149627775,117.54031376947522,0.3656631581485234,24.66833124225017,15.01552818811844,11.430790578731008,-20.88730409503738,10.754950308284004
49,81.02311750325585,25.055179050706997,77.83834935434281,55.96793845254885,151.43811720054464,65.57567916943651,0.9601702498143823,11.359421425380935,11.396960455400341,13.133894886156359,-12.35039984312209,11.978555692104074
50,77.39492364636567,29.444244518539822,63.94522921489416,47.9506791183262,118.05848359482054,92.98983817132891,0.3704360700525443,11.772285208268361,13.124209922788431,13.941892884787851,5.772454224949742,12.659825524258082
51,72.21298098364473,25.021979724242293,80.33088508344476,47.191001259402434,107.15625639558563,56.35755919637625,0.2836661320620115,7.801873366611081,10.889798418682444,7.678450485440857,-3.9175527917116355,30.55954195202513
52,78.34465642102207,29.033554803785727,79.22962926043441,49.31110161723634,113.15148250468646,81.81522730832228,0.30703522639984837,19.262929095803848,15.95450726364797,16.23775725901031,-1.5938311794404427,27.152100127623957
53,67.01408043518904,12.618719087838942,59.474981910628344,54.39536134819887,115.69144852233671,47.3275596210967,0.21413949750550829,23.34336455880703,14.359894923021571,12.188341663122397,-22.608749653226987,16.497712200672694
54,62.42041923937051,8.706903500159004,53.17702968089676,53.71351573983095,106.51961150189742,38.35693611614751,0.2615992660098067,34.74067314178184,11.680034790621521,13.617109823188,-3.472009355928167,39.99032881957373
55,68.25404011817919,19.603057448508117,52.64758632850304,48.65098267503317,113.33017687612175,0.2528707553287176,0.3054108177380331,11.752461149101473,12.97169924161961,11.12515789019605,-7.830794274569975,15.587615470398772
56,38.80223621154071,13.403781480829103,30.969810828038835,25.398454730711602,122.9330747016009,1.3371955941465354,0.31215259575679843,28.31038732936304,17.768474796536353,14.734968482781145,-14.463930261856769,25.21446643236053
57,74.78186357118962,17.077599988946638,50.94339362263562,57.70426358224299,115.15469073018046,35.755829274760956,0.47626686003341256,24.88837417481553,15.589055621235666,10.794086586055045,-25.906099606021478,21.272460818437388
58,85.57397923903713,42.542638775214144,78.77612905386448,43.031340463822985,105.17099732942079,42.82619284050603,0.8424697496013093,16.863929408256404,8.009997613426577,15.073221441978836,-1.082344134340067,11.473758053076844
59,46.8305457532239,13.454664554354055,36.3928535962682,33.37588119162564,123.13799301192715,5.573656663592715,0.5358629007744258,10.700678659057012,16.843920411495787,8.392802715296417,-29.481276493959175,21.327202251672094
60,41.81311438238408,12.672255449786272,30.397876479354075,29.14085893259781,117.05193765888758,-1.3389240796922601,0.44302671664440313,28.46180009560713,12.679691495784498,14.22800203649193,-20.612754334143954,32.51049773890429
61,84.22631792466579,29.95306850142949,77.72903238480555,54.273249423236294,115.79500162007598,65.98104970698391,0.5368213044587445,27.896605919151263,13.341347366619278,10.733629881450835,-22.49194317645204,37.11589599239455
62,75.27112520536562,28.374183811864302,73.25625660069882,46.89694139350132,110.34277990860897,65.55233083739627,0.2072335184787886,9.724854332215376,12.371833787015095,9.982151417733919,-2.270917210808077,22.721752690334807
63,37.73663196667905,16.925531645350762,30.252570064119833,20.811100321328286,120.3256935857866,-0.3148479135120421,0.23927192067961517,27.299607542449433,17.13020717547104,13.55900337247986,-15.693819950843464,24.629280011321192
64,40.57131667598931,8.777338471194625,30.52566632803863,31.79397820479468,147.48404487982648,21.572588746372666,0.387738451487768,19.35165121909639,17.25665791638432,10.630152808989491,-8.441335809685405,26.61079904314629
65,46.545009081518565,14.100354984749966,35.32379623662033,32.44465408910304,123.54508221495846,5.39575312434047,0.6065193028654617,9.466919900002592,17.389445394093134,8.452287634895335,-30.864272284087185,17.647784119584212
66,81.97827351916987,29.39347507433528,57.69654121526524,52.58479844483459,120.59244285265424,54.80746179313861,0.7112969582032742,21.919272378065912,16.89797389611373,9.142371809587667,-13.201533153717769,32.36511406002915
67,58.928786833122295,2.744958659375709,58.74897960489008,56.18382817462945,109.27948488589116,30.686889553977434,0.8426103650360032,35.509386020318175,15.669844127123412,12.719257274642404,-2.2949514047999613,29.76177401747673
68,84.0495208178357,24.06741416394453,86.56726371166728,59.98210665389118,124.9896101409817,79.15618250608222,0.5220843181578365,7.262377792156262,10.861364311675075,15.307664389674317,-10.18396569585124,27.607087947861913
69,48.34459248850024,6.879178496311063,36.272614630298804,41.46541399460042,102.33743617514405,31.489599409130875,0.64285350662697,21.363658335858357,17.631697874799002,10.006058268899848,5.192770145334251,17.34300628715056
70,86.48468241690944,20.095025710922886,79.92361571320963,66.38965670383935,124.4479890387661,68.16333647605398,0.7117877304146213,31.16896767125153,14.670736252392793,13.730924357401403,-18.899898949487078,13.685139492692617
71,107.58059819679667,35.57467075023402,77.19356972515463,72.00592744656265,107.49422723710201,77.67318982541086,0.5654062585632826,23.47783635588504,9.503138834784021,11.72249796505261,-9.234234110493247,34.69541112900842
72,57.6123531318259,17.029619523523202,60.769605176765225,40.582733599538564,113.0297278464674,-2.4745607744952833,0.12258167211546539,25.104874057504496,12.88352903785061,14.472661151670446,-29.9117006923055,22.064570561645805
73,31.70032221970378,11.854828355219968,28.657559512821244,19.845493864483807,111.01686915044716,7.132429203211723,0.6841605362038093,13.055075896230107,10.30569806782195,16.339091867430536,-4.103698363356321,24.893947656660703
74,73.95958917305262,30.31207818173216,81.1439697539871,43.64751099132047,142.43095744483782,56.25745913010206,0.28879102014605973,35.25167063525461,13.85464021540475,12.629124962989243,-16.85520613350909,20.064720799802032
75,51.53640489996745,16.306670459424453,40.22555246424701,35.229734440543005,114.43198576779682,9.560818943217452,0.6172438123825712,7.639754694685507,8.258342365541104,10.521728710030054,-18.99050949836167,13.919899315661667
76,116.38188092592426,37.70827945668575,71.44009465421782,78.67360146923852,99.81094925308403,79.72170092522042,0.5544966349000168,25.123935821987562,9.28023441727501,11.82487227723988,-8.976876499119426,30.181976828840583
77,54.89737553577866,12.58132818322249,43.66648774997624,42.3160473515266,94.79689782434394,21.85766482896094,0.46979635413675735,9.497142402249745,17.29854010647109,14.420558395236839,-15.626463905124618,32.9679716407975
78,86.80820813139104,34.88755367397224,61.27274541484866,51.92065445741879,137.80488652728437,107.46964427968365,0.5734143331360467,19.725595614096996,14.174045537668329,11.304241724329842,-17.399707611169276,9.17571262298442
79,57.821699912732534,15.733689454674778,62.97396310134544,42.08801045019822,117.28842214195537,28.58231716766418,0.41904901485219787,22.48080896553277,17.116690579426475,11.497473360748902,-24.18276638167491,26.83994122339653
80,45.43103597821797,11.610309682240972,29.503734435786168,33.820726289670624,117.53259617602195,-8.574666745292946,0.29282134667917226,26.996432455714164,8.260439541427996,7.646642220957484,-22.99411831227719,24.142044023511325
81,42.0612939019135,11.455055178376165,27.463275331722876,30.60623872353733,116.0621202331011,0.13854015245822549,0.4857387067619277,17.985040327774236,13.626001129912472,12.579884769517982,-22.680220507739083,18.0816521022207
82,37.42524302489037,18.05306648396813,30.01045402652676,19.372176540922236,119.40781541707352,-0.8797952105160816,0.21746854430491613,26.975063099857792,16.86222103926114,13.171851354307215,-16.1606517516979,24.529891377889236
83,73.49884509426779,22.022214289689174,81.42427722867787,51.47663080457863,108.35576576228203,43.89981121978174,0.4384714450267698,7.3603442215116415,9.250134551406353,10.883970555010258,-4.1416036926883555,24.901599214986344
84,68.05090655474011,14.948412454185748,71.14931605148118,53.10249410788332,107.48783585015295,32.83211990422936,0.19354876710729665,16.434319048014256,17.83294862014191,15.67102489753117,-2.284908704210841,14.163054770455373
85,83.4114747582701,34.29039671751969,78.28028482556579,49.121078040750405,120.01688896318566,61.86449579344739,0.7472550676249429,18.81921953159075,11.462358283286008,11.182148810407833,2.3137320264842414,11.083638999141026
86,45.335139424480914,16.756027819007876,37.30393382995451,28.579111605473038,128.99206249860495,6.46127524005994,0.21057441409700234,16.0210336049237,15.038232201531436,11.23105036871017,-4.7348149536953805,21.68784998205958
87,69.11191345718207,21.936169730264343,50.1705129372957,47.175743727780464,106.69498080893578,-3.1386061030660994,0.4412195025239515,25.606528797568327,16.810089065511423,16.16003826500543,-27.98683455477197,18.774350705246214
88,63.492601684822375,13.770051775318066,61.69207229658062,49.7225499095043,113.17725682879608,40.25752824433557,0.6839230758295125,24.11082326022588,16.632366924569933,15.815409550820288,-1.3701732224378127,13.540279311114979
89,53.29232890877271,22.921392067873512,35.59478064436279,30.370936840899198,119.06120636646271,1.6314939666357504,0.5041841538877184,22.162255576101966,16.17746311381606,16.382284493163453,-21.87659712963576,33.601614704840095
90,79.38023085519339,31.59742881135019,49.857826211589945,47.78280204384319,119.94637798827739,59.07818746850863,0.13734129311504228,23.914707397255956,13.42351883238472,12.181959008754541,3.8654476225570416,35.71229787116464
91,82.94114838263243,27.59899832548192,86.3057581197186,55.34215005434842,125.83214548676989,68.4882683277969,0.9781125828583741,9.267375916607062,10.703632165384034,9.217041281370085,-13.815868440434635,40.405881243884856
92,76.77091505204672,15.396931131285152,64.04437123588876,61.37398392324158,114.6344679826941,56.82663348924436,0.1177870780191347,25.14773441625488,16.611958052594126,13.068385764605082,-24.924021920570365,20.164546775161185
93,90.11561453727201,33.9293574772816,77.65842142284609,56.1862570599904,115.469304066098,61.11679276128997,0.3980664334829933,28.973747171940868,10.243491930560253,11.545767832161394,-18.229947262044977,26.06486782606006
94,89.34253586319143,22.183970240806502,89.78318280652977,67.15856562799549,119.3484164569346,66.14873145127716,0.5682940906080886,19.503301025551583,12.632497176027268,12.065674510729814,-1.9826222004592058,29.37050975551201
95,57.621438340300564,15.313101386030194,63.879620915294396,42.308336944520185,116.39247279344521,30.277975155352806,0.4213461738651222,22.091168551751473,17.605086258038018,12.18859050340395,-21.89843743006705,23.065770584209865
96,44.51069811019942,9.576879541283931,51.57108392600493,34.933818571824666,134.7041807043489,28.420702844561216,0.12158651713469254,21.764680126969644,13.854471881340327,16.58370310322218,-7.081083510604246,13.785331645046591
97,91.37782009961421,35.72557228195564,77.95493925073066,55.652247817658555,116.24649920328505,58.456269322071066,0.3541010413686271,29.492134909046158,10.17990946251038,11.163462402235966,-17.2318284698106,19.10293007169145
98,38.6877448486053,13.310285520364749,33.64052252973001,25.37745932530663,123.67411366083168,1.8029142546574062,0.45602265577437795,28.859823819962163,14.897691828288291,13.148767507107436,-10.897768017691446,26.86755421522591
99,81.11345975362056,20.901959482636503,80.24361081349697,60.211500270984054,128.2448510299661,66.46549490490436,0.7563893917175076,33.479799106814156,13.382659559400764,14.845618299997899,-17.794595413901877,11.272812960777268
100,68.32731300455247,14.998813212944599,62.960717864719214,53.328499782214124,122.86724343266822,39.61468036678433,0.27762784528057616,26.931636976963386,17.652103804031753,7.7447793302441506,-19.719217960286436,16.91878135117632
101,50.004951788195264,21.663820576652547,35.19830618404304,28.341131211542713,115.336200182328,6.661433078996887,0.06854990554071588,20.842175576401786,11.64269767790597,12.783789894995031,-3.413146244488271,18.625877509700135
102,42.93202461890549,18.299436287136494,34.102266090050364,24.632588331769,123.32570377350791,-2.6108365270554037,0.09990125990515761,27.143082371899013,15.586141409443565,14.657285934317365,-23.57605500963722,25.567008034541928
103,79.0063272120667,20.463476097965707,88.85619790675433,58.542851114101,120.22877033328922,36.60400206410407,0.7551575425949626,9.727934190477306,9.533915392113988,12.727984861642724,-4.965337891310878,26.459813229828615
104,67.1590788514487,18.03340916467535,53.83877698962891,49.125669691610554,107.31717113003346,29.732622021413736,0.07517702573280438,18.256093982311572,14.054307268275323,12.36770873998053,-21.28107572496226,14.680512107161343
105,75.17296513845892,15.890584479348574,61.69113535614676,59.28238065628346,117.84459549222788,32.027116277170656,0.7183290110427093,13.055296276195547,11.438160664249029,12.116636117421207,-7.552971892246504,33.85530131973634
106,103.17955501684737,35.171373497810634,63.99467447322961,68.00818152073211,125.49830003698251,220.14034858963026,0.31770794807792657,19.438234486400358,9.720300193121863,13.615646578528448,-7.057576212492815,28.618143904995378
107,48.4079296049727,4.037491294585083,48.305815114823595,44.37043831138762,105.28502903112762,45.48931231060678,0.5175265853583972,19.410161470934536,14.471419411704131,12.151293769592428,3.797064121176825,20.071401009223443
108,86.43208103480434,33.72501123978101,79.46478267445494,52.70706979502331,115.47019800666456,64.33449599081868,0.4906059160797712,22.36383520057788,11.550691286889446,10.618102294215303,-14.122503688165073,40.56535017467492
109,73.09536947993183,18.545121782112417,66.85976738815195,54.550247697819415,117.28997960291137,26.437357058226013,0.4790541389401085,12.52265593666877,14.183939007379832,13.32335128703026,-19.737281848002784,39.60158807254723
110,45.20712196985607,19.697677839544866,33.73007655931755,25.509444134788936,115.5407177440434,1.5653100024280588,0.4742162357482128,26.10695729339848,13.60723682592474,14.600080842950256,-3.8841853745797064,17.568510683051354
111,65.11867282031048,17.83881926619401,58.58402895385236,47.279853554116464,104.1183085881819,29.168760169142896,0.23570520165105954,16.772253972397944,15.72916056241166,10.880847220877117,-8.15355558799392,14.916421178141274
112,83.42974092103876,20.94998851700506,77.06742825819205,62.47975240403368,126.15759253988581,69.68764081965959,0.7279092250175294,33.95831462407991,15.19094186974702,14.04842880707598,-20.1576342568958,11.963213563911609
113,43.50844016947709,12.156474591106267,34.3916576456151,31.35196556991106,122.62020121578638,5.284663610922378,0.6257112457106225,10.02351686595845,18.92249264294759,8.724576691079157,-31.75978672895184,19.036685370747033
114,43.699530803035024,14.66842519031909,31.84809965403144,29.03110561749409,122.97710602661644,1.9340791329169627,0.4408982726602834,29.82429699312635,13.371566388430306,9.540843506093875,1.5407857700631413,13.401681712998748
115,76.33394263515893,21.95574749200106,81.13272005412811,54.37819514395434,123.5017893653029,11.782063562827727,0.2333378687531953,20.476075898142295,8.197188189855488,10.829087844573314,-33.87340957644339,42.26849675153931
116,67.24893905814845,10.580842322948477,47.76975677698789,56.66809673603334,104.85939860724706,38.925608428426635,0.23070342477349448,33.91189668880749,7.578821032654129,12.137773558844033,-4.037507921739716,41.29015493414101
117,51.975086410968466,0.3676894193469499,45.26623142640373,51.60739698562152,100.30257219506113,26.1438237414535,0.2753223896168268,10.756237410061686,13.980266745004428,12.605022859680954,-7.378577702018843,28.372343255525514
118,82.54444588535969,35.0973795706633,68.44018880168997,47.447066318122786,141.8306248915647,115.7000926632889,0.4413777173564245,22.433674631853954,15.662398012654418,11.780828887130436,-19.289724424206824,9.722632218611205
119,75.76788634044948,35.46109993783052,90.57209812570014,40.30678640649294,142.83642858934047,86.81326974187775,0.5267973964339662,20.393955835074653,15.764533716068076,11.491629948387676,-9.69495390455166,31.986282793379644
120,82.89483939294949,31.759504916669695,77.729630866899,51.13533447627979,113.79905023882482,56.30766674918885,0.592761211334218,27.381914307105028,11.964930174853668,10.877075404731666,-26.548732780028697,24.530154316397827
121,45.48036031904613,21.1200025691603,35.06875203986127,24.360357749885836,124.13739891925,-1.9828550702259897,0.20688622121742695,24.289210539564916,15.723277359162672,15.046586805722193,-22.904786803622226,24.78207760308085
122,54.030133865683055,18.56761513374627,43.04597888031693,35.46251874002874,121.6686395846909,32.097192075834606,0.6683311482101123,32.82334446566089,9.820958397190896,13.22755627308832,-33.86646882897116,24.98770082195503
123,68.09667486468483,15.085294892837515,63.059613681361895,53.01137996184731,123.12593030192453,39.080552154368206,0.25763719202265456,26.845251407782143,17.715203561926124,7.411279690084431,-20.933539262998224,17.388138518054625
124,82.68632382162099,27.332580381584137,77.06665602632087,55.353743440036844,118.86303064509885,64.17102604477311,0.4869745464557663,30.643547868682887,15.956706424312728,9.832831988346777,-29.073419217407178,28.114914116625403
125,28.26527626197207,12.683645401823469,15.484613413038002,15.581630854580283,127.937048756812,-7.915021080693412,0.5007326234686629,14.904371272018423,9.546169865134882,14.396731607980216,-18.552319743822107,42.800724150567525
126,60.502047450053254,13.959677247000485,73.60165352689036,46.54237020305277,103.52876827019601,52.67486573908161,0.6658964809679724,29.94599472666984,11.122316620255283,13.376905356304537,-22.30957598562158,20.51194397284915
127,64.29807582337985,14.283073892936379,66.76276031699955,50.01500192427068,90.1163969494488,40.767782840364305,0.588504365393532,24.68234331325344,15.469020102659089,13.76662413749017,-21.1998449258121,19.049260919893708
128,34.86766247591516,15.824435272955053,20.563752460318778,19.04322720296011,118.85385572647377,-0.10424318919172626,0.5599246605010932,23.902686474508904,10.368711450198779,14.567416586388571,-21.26328461229867,35.26111958894174
129,73.38154211430746,18.02451045373362,53.988857057812446,55.35703166057385,118.49367663531062,31.280204968761495,0.23191880163595285,26.584883541415095,17.83263278944862,13.263798592545092,-20.19293910338417,21.69559374360165
130,66.50024083501,25.808346457047033,48.143507833132766,40.69189438158103,118.4183372381624,-1.2360597988831086,0.6583505082801183,10.269686838509733,9.534885549048232,11.363169439068155,-0.7076637822899614,31.83218122963531
131,74.00944315937076,21.134163673850964,57.39472869081787,52.87527948551979,120.19582807255243,74.55038939957065,0.4066501654754557,10.58982651992507,12.59538893253572,15.86918014030036,-10.613631543860976,31.953081266934692
132,43.28113141315067,13.479409917013609,42.423640092854576,29.80172149514415,124.99407816218086,12.237921556448185,0.2525175719875381,23.45278610282426,11.036661156550096,10.461849365341832,-18.312037486538415,39.182801514319685
133,56.320355830447916,17.660173196315643,42.52199353416717,38.66018262935221,126.08199143495465,26.76801171223867,0.7615550427710229,23.602873121071006,8.746319390577886,15.86943294995929,-34.94900077589356,30.0315671983599
134,80.51420011894378,20.41594431671937,64.47443714685934,60.0982558022244,117.77896320375623,55.83821847030692,0.4014277767373734,24.33042372132097,18.3627567893204,10.875675051376456,-23.058046799028098,25.033879478618417
135,46.28537912295337,7.469393895339348,50.664817171188794,38.81598522453407,127.99682166476639,36.32419093358546,0.7475687374240761,20.086632473842982,16.705340365963885,12.425152440276227,-27.13933555787599,37.82636139116224
136,39.88673893082359,15.085625294957907,32.05549796154716,24.801113635865683,123.60436952149233,0.2817904144137342,0.23010089215331808,27.911493503208323,17.51762122452522,14.756056702606267,-16.90237565333631,24.658556811011174
137,52.81461357997327,20.677476812706903,41.52120964023618,32.13713676726636,123.14733879665779,4.3945097836086395,0.16270567542784933,26.484083703199854,11.760339260286672,12.20567153765856,2.028931383554238,25.784436054442097
138,85.75687040834192,38.90889628332169,65.16360870649231,46.84797412502022,100.44455603439536,54.33702073603809,0.3896410963415922,13.61495795117946,9.766254763567966,15.654253270354506,-14.035738965609823,11.514794694967168
139,52.33142842872342,10.466245098005606,53.3166404514531,41.86518332998163,84.99439458147343,23.76217919705838,0.05210689476025401,29.821393473873606,15.875521985429609,12.095823067880069,-27.71655018544916,33.47500087912394
140,83.15184877693717,22.795464296873565,76.80229387528117,60.35638448006361,92.44610930817201,51.279988548781596,0.8315801690161254,16.02272294456,14.076860258399188,14.384422405737089,-21.068581663341625,30.924790175605935
141,48.05057294775011,4.78628497390297,48.30206439428817,43.26428797196797,106.92143741807968,24.88933968421289,0.2864896703402661,15.246000375538689,11.930597093717566,14.219091814338347,-2.5553618775917233,34.431080313151824
142,68.61198117628842,12.000575176922634,60.95180668178402,56.611405999724,103.53671146357063,26.385108039794254,0.9640315958278459,31.664251430482494,11.101395705277834,12.278841241414794,4.765242005687534,34.85699282332103
143,103.23531560891423,29.52378710609492,79.8679105514994,73.7115285028193,86.44997903090366,63.31281335787743,0.3825087591733914,31.162378869972827,8.493767834954797,13.124681692727213,-10.244758677391344,20.414441414188513
144,74.51022907822325,26.367577415199783,51.31013127248439,48.142651663023464,118.37698147149419,56.9505733790937,0.21201079192994557,21.256958666008472,14.458427788236902,14.049565744204074,2.594927252440155,35.29000351352338
145,96.3400280759358,20.553077901256977,89.33489846949072,75.78695016536396,120.33393193068859,63.66830961555577,0.6013990172491344,22.08468656646629,12.834260070031265,11.34429463857231,-14.447617507205347,20.761764026147635
146,73.15190463743775,26.919608596890384,83.029682094886,46.23229604054737,107.06114409621381,55.95233116430591,0.20990802119185814,8.081715154306707,10.933502019636396,10.317001977523459,-9.396614416874355,34.21690901471447
147,35.68472773394535,19.436016595127583,20.678216313936964,16.248711148775875,137.46736396038733,-0.260292303990874,0.881657530227997,32.53968739874006,12.712869862478914,9.557652532827191,-14.725086335206697,38.73616113783415
148,74.4649037954648,9.21824383888821,83.16098342215552,65.24665995327774,108.01462198711867,26.614761368098343,0.6575981139762075,26.17162513337556,11.583170053150027,13.729045680810716,-24.316586370899664,13.347711999422113
149,60.66190358148591,6.551560805664135,60.56633734078583,54.11034277819689,110.37348791068904,40.252825581206764,0.3648062275273761,28.11310137599955,14.11774167851268,16.19472206479313,-2.9325595966422,38.618177290462334
150,81.63085410457556,35.684006777748685,86.38232188571064,45.94684732682688,138.81645288278858,83.54022762468843,0.5767342439373341,24.242247528134047,12.792162176917264,11.327912683978933,-14.51597989862921,35.750718311949726
151,57.92489304555744,17.174162719305404,60.47217058711311,40.75073031773204,112.83349063926727,-2.5039703846765704,0.13239570178288457,25.15304969355602,13.011740242577815,14.533563915290015,-29.887192249927875,21.98538947392173
152,69.24139156146697,24.658037235796968,44.274460067666105,44.58335433567,101.879329556983,11.2865123950167,0.3716615747986874,23.453430398397455,12.728493343445546,11.434900152618338,-30.446647559288056,18.861983930213906
153,83.59033449843378,17.940227099787016,71.1259366721084,65.65010739864677,121.97375550545583,65.97451785028423,0.15416458640821146,20.823987905599783,14.922384929070024,14.529475223013835,-8.360946516528104,36.597476881512385
154,67.02113719614447,13.318700379681413,66.32421086575283,53.70243681646305,100.18063958540296,34.21454280304857,0.07335503535184718,8.97960903327747,13.315465775128548,12.610155691137615,-21.40176043209706,40.59716791217374
155,40.146799347480176,15.154542762959244,30.83963804345157,24.99225658997897,117.75984241607011,-1.805873177725673,0.675363902958513,28.82230624222096,17.274699110230117,15.645669991465574,-8.380742810530403,19.254716289534237
156,76.6719222184852,16.55671078120916,85.52997341786744,60.11521143727603,122.9172500123517,35.94391465108211,0.5709403160603539,10.214386915985042,10.967707664914691,10.269897636976996,-5.32486378808266,35.17487929013941
157,49.92151563366487,11.174893030697103,42.78089268501893,38.746622608062964,123.74108951410399,38.902160894135015,0.5630312738269372,24.193686640899465,18.704666489024756,15.062693578936132,-20.701332678221174,35.08620166554904
158,85.83131697725727,30.862849295108294,77.74642995994651,54.96846768214897,114.40755726244359,68.60072459900258,0.6288549769523348,26.58427040682732,11.305468116909422,12.333802465407128,-15.923707084849116,40.42058658657951
159,66.11798588518748,14.146587935317328,70.56190322579347,51.97139794987016,84.12452482648104,44.92654531673038,0.6335941142727595,24.618106867741524,12.03140401804746,12.602593272057241,-10.915153243056734,35.67605858908677
160,52.56130304937823,18.322819060778123,33.2293606947969,34.23848398724366,122.00255594077227,5.34150621819791,0.451060729817536,9.371841691128008,12.562160061895998,11.682498803980687,-25.37894353898066,12.454129073429073
161,56.262805848925744,21.68467331458079,42.826417010410466,34.57813253434495,124.74077225124331,2.0505432738586364,0.2310762102424756,21.420572294545305,13.75194469980344,14.066498023580856,3.4680937944743615,26.043590543619814
162,28.79907349229399,13.16874513344322,15.858892919017055,15.630328354399705,128.62624351419097,-7.3659129070734295,0.5281520145652434,16.173312867558213,9.774469191259538,14.04788579099776,-18.27554719956504,42.50972462779946
163,54.74896069027252,7.865616065259324,51.62722689779754,46.8833446260132,100.22526688193983,49.541965543130125,0.5730549130056991,18.42660357889293,14.076445322956637,12.395714479251096,1.4235594920457815,29.693238913208987
164,69.88256106093827,15.822853880596238,59.472426831879325,54.05970717355798,122.06843205660107,37.12157791372256,0.2551204151807441,27.03469168075782,17.908127329353274,9.270019367588919,-20.472193698869887,18.92872441334781
165,48.31346589107558,19.30184894262669,35.4838800450549,29.011616948448886,120.25142620208906,-0.36078545454031685,0.04023484967793667,28.595424810100273,17.7437045757638,15.807080568469464,-25.422264894960442,32.41843905127466
166,44.25083109955763,19.589077156933108,35.0991990570592,24.66175394262452,123.90416422952826,-2.3946071162399396,0.02156227608580518,27.18675794406712,16.588417893294253,14.975708800203765,-24.525454652669286,25.633862841762756
167,74.81317296170181,17.242078137118153,60.38583501024512,57.57109482458366,75.7330705286339,21.42588536221546,0.06394517043610863,29.274059948379545,14.830035558855322,10.05152774107511,-33.1542515787132,28.41202954131142
168,44.788300128290466,10.106772955403052,52.39580103731655,34.68152717755971,89.52862937084323,40.19457748558961,0.7851167637416232,11.118708362316129,16.905083276494523,9.56773078522813,-8.166392517911722,11.992084087055376
169,44.1356668098732,2.853951998046214,47.06551511887083,41.28171481347571,105.35432034108337,42.49754792866248,0.5343856392576901,18.535498287995907,15.089162829721271,11.58801075551283,3.063969541440862,13.45035488676722
170,85.48536097308234,32.263821289171325,48.69619368711607,53.22153968391101,134.11377942525337,101.88825468881636,0.4557539734860111,24.663490678505955,8.767881090766263,9.35992430228375,-21.81848305219217,14.069340056954907
171,54.985744942143874,12.243397297002751,42.669204313278144,42.74234764000586,125.53306098237643,24.665312268049345,0.8408325995012577,18.33361152357572,14.106307518271917,16.605410503116076,-24.698812835154698,24.30274882151241
172,64.9408535979973,27.467493133334944,47.31112754900436,37.47336046466236,120.83996252477648,-0.34260941247385324,0.6133508190235233,8.957866443969833,9.870117426962938,12.505314872733251,0.9035114929157391,35.61720219064884
173,47.009613108843865,10.674392344465964,32.60530027169202,36.3352207643779,107.43670875514985,4.019128700642531,0.8842435069458201,23.360524002902714,14.447562392915044,10.850469869983836,-24.233509115309534,14.239122352832817
174,52.801766798585874,15.125106240024206,45.28387624928726,37.6766605609562,153.31855349769825,18.87345592288463,0.3571180568379035,29.384683100507246,14.553955569279903,15.433748748470059,-12.635598311373272,21.54378922399734
175,85.67007859756512,39.83157354055261,81.53127886496108,45.838505057012505,116.24911582506881,56.380192115639154,0.818559350080543,22.559512665077243,11.708964530231405,12.00456954870683,0.1348002471967238,11.296014242194362
176,75.77451217232999,20.616174138113756,61.78699470747941,55.15833803421624,118.1322833535255,55.16666646071353,0.276246035410292,16.963006746270704,16.86108203252506,15.286189490191383,-1.373859341934656,34.02629877397406
177,46.21422090188551,15.494420748572264,37.14970400410272,30.719800154479024,115.90302100932279,0.944509176722932,0.22181380861028027,30.16323965002355,14.866154824365761,9.640773806675913,3.4217185961135477,16.561686406988454
178,65.45337756989338,10.789569852044911,57.48253565156326,54.66380772672869,106.99711861243608,54.163079209705224,0.19479489949164058,20.691336247963548,11.404286727204752,16.250308110210483,-23.865146239341925,16.62856420951051
179,67.69913523556774,9.267173880396395,62.88114909581804,58.43196135374686,112.4126659983259,38.95204285631319,0.4620007538412547,22.975773418684938,10.405788444650033,15.557308581688183,-1.0849708051712659,40.51255984941828
180,59.12156452007363,7.59322295306784,55.505468526063154,51.528341567248845,108.62107351393807,37.41703221853999,0.4401943351434923,33.86679014653274,15.865579394648716,15.086721532487445,-1.7988777986452762,36.751500203680465
181,86.2302408976961,21.399793011141703,91.27458034634498,64.83044789274079,122.35633841380906,78.18932548113827,0.522207546789597,17.54845555819657,12.339646683112287,12.030595775272634,-0.03717918210120619,27.191315084110602
182,77.03316382118405,29.690140481849078,76.68219290209728,47.343023339934184,109.72986008314881,81.34206045784546,0.30282108402347413,22.038336569563583,16.787627593644622,16.199803124507007,-0.08543444418231688,27.098160686723674
183,54.59255810497755,22.79862671671143,38.311451187675736,31.79393138826612,122.2797252930918,4.395842731492348,0.31549231143108636,10.580203318995741,10.533948339554549,11.699864460940105,-21.307562591496765,12.805942227129604
184,48.87217305661132,19.867406516311416,40.21611859054266,29.004766540299897,119.25669520365336,7.894824103291812,0.13909882032152115,32.738769441768326,7.361129854574601,8.621592309130836,-1.098661981962269,27.14930677773424
185,61.985856789864336,15.12150576195908,63.59122082236182,46.86435101790526,119.51331011670112,34.14013540016409,0.3557113583014536,24.249218671853157,17.69275885292815,10.122481839059269,-21.52858033117465,20.644455746092245
186,36.70003773216017,9.365448714739893,24.788001024847127,27.334589017420274,114.22731054197902,4.51098170237114,0.5079242073122998,11.898693984569775,14.596714286039642,15.25067721631871,-25.879118167327785,15.036339589813673
187,66.62877259494209,19.016809256768884,52.9499965441431,47.611963342227234,107.70236602173372,17.273844052894976,0.33001913097876256,24.55797477350933,9.417850016709568,10.698163478401943,-31.9897185341713,17.84140903818654
188,95.02767688882597,46.59468988438248,58.80621712799215,48.4329870044435,97.09593624699727,77.00235876121218,0.7589037052110047,29.557285518652996,14.468001796531022,12.332254785024732,-21.47432484667284,38.81980203596647
189,59.65260444009282,14.252579526356037,76.89976200766425,45.400024913736786,108.98172885601508,47.51779832777885,0.800807139141185,34.52043624620873,10.480451841733869,12.612729616741955,-23.732698325372617,16.437128666022822
190,62.75523948114038,20.303913829627216,84.89672573713494,42.451325651513166,137.3752651170243,55.92208375560631,0.4385324949466596,26.673904937835204,7.980294979837693,14.371000466869642,-6.407114052091746,16.592912913426638
191,43.93563745705327,14.71952437591705,32.30829915564473,29.216113085556938,122.47394627440194,1.9137787439902372,0.41700275464005077,29.85861076338924,13.465203663386243,9.481718020450057,1.7497632077701213,13.658155699607452
192,64.97110510606488,15.321335469125573,39.967794012414295,49.649769636939304,111.28013503044448,33.301363465734234,0.8697342921641448,25.97544408250706,14.579864240340694,12.37481386704625,-11.744579411843164,25.497515346512465
193,78.1032147405846,28.89845763961246,69.97270645575743,49.204757100972145,114.85808185516166,66.95042039922856,0.36066687728978597,9.776215422707677,11.18761894136416,11.723604620180797,1.1237393649725194,15.32263520625561
194,62.10189537773673,27.997339490630434,49.91474995923601,34.104555880277246,118.71538804836086,5.683055065852265,0.6374310026231305,12.298591870002804,12.268571543624084,11.509390858444906,-19.362294257152204,11.52036656343785
195,60.639634169109804,33.580133947535025,53.85892122586253,27.059500215253692,141.99052352570428,144.3814483477032,0.4984802870145846,23.822563570773525,8.455462628816285,8.222191778505534,-27.52988464893216,17.334914229909792
196,93.58617016111299,44.80521759638945,69.6131907379491,48.780952565229526,131.90763046021905,148.7319631958514,0.12244796451703621,19.74198029668088,9.205223990599809,14.425536290308207,2.712171681737665,29.01539936992487
197,80.48015921491259,33.111509657975475,57.6836313187569,47.36864956210184,140.9583121481332,113.73498192983308,0.25293407147653457,29.545116583105145,10.641998792180166,9.492740302453651,-24.433752252018984,13.92559755011196
198,35.52798107226273,14.967017530430308,34.64538577257085,20.560963541832425,114.07444106272249,9.989800528248065,0.4830463087839399,15.485599985655757,10.821595698177287,15.287413785188152,-4.59720222958086,24.863579222857584
199,44.50880666764965,1.8875115249658798,45.41365961035631,42.62129514378372,108.18397593844044,42.00876826286269,0.4922965878707243,20.152600105673283,14.937812892739872,11.849252047495044,5.353701694636068,13.968487041242623
200,80.89756672604773,20.606203527852557,75.43746135006775,60.29136319610493,120.18397297589352,56.69922470994364,0.40363916728822913,15.289370467227744,17.532331554853858,13.185286611177094,-3.095364739980028,33.31591131354156
201,64.94663774863517,15.463664278973217,58.39612627785482,49.482973469967455,111.38021142107654,21.095710918754747,0.30522676938103305,25.186938565306974,7.34402006156248,10.240278287795386,-32.94763912312545,17.21634370483975
202,75.29490639770465,31.73190285784797,89.43696468808936,43.563003540178705,107.42000035619591,55.37814741604224,0.04877225420426712,8.806134461755171,11.153073621380027,16.543270953660784,-22.77253734033966,42.981594526649594
203,32.942803941882495,18.257163872200405,16.94937028109207,14.685640069682094,118.90184260724813,0.7761906663764057,0.5980109645866357,22.847211891767074,9.382892329033298,14.372317082546756,-22.595467506300388,35.36641716210384
204,38.027083466734986,4.567755794537355,25.041734179110673,33.45932767216496,157.93411127525917,33.389888790495064,0.47104074567771737,24.942310353645638,17.50176977468125,10.953790444852606,-11.18363975325592,29.79135389912951
205,99.12512176206944,27.315629739634748,86.92403144331556,71.80949202838217,114.36099781120785,78.54142006750754,0.5618237533815601,23.24451775547199,11.34710172746103,10.252835427320239,0.36306320592557473,30.202127830944036
206,45.94801131206843,12.32464321837598,37.47842819770524,33.62336808844788,120.97542463216718,13.151294244548552,0.6585985756322326,16.01923725340007,17.07469514529456,7.815586655821645,-33.10544380974776,21.06893708489819
207,83.47300127015768,38.75342373676443,61.23893370995485,44.71957753137299,114.96334718192603,27.400454413324393,0.6588170885149268,11.73287892439116,8.0503393874726,10.178469314963008,-21.116688170940858,22.30517723125238
208,87.6024821092206,31.565024324382822,80.64680259059786,56.03745778483778,122.30526663271951,80.03634511697292,0.576960431627933,26.438720426762533,14.859198025309874,14.190012096857817,-17.217396144347294,38.19999043245009
209,45.14129808477144,17.382353941664153,46.99999999,27.758944143107286,110.12860747289947,8.625927698857017,0.5739932812467248,28.872044617816712,18.044176721986236,10.534864985747534,-26.12027215572232,17.74299597496806
210,47.16885710946912,16.229516496930074,39.290462851509965,30.939340621872184,119.30862929395784,8.361989001808896,0.5112429541579531,24.01701694058392,11.09062056707301,7.998228004582003,4.439453973955118,17.54118219960257
211,55.781617504707775,17.2763267867186,43.41100584683183,38.505290715101886,134.28691025447333,-1.2784100135330743,0.15710732973524938,14.413323560643587,14.195165908451251,14.762852647648902,-14.616454124092702,40.6515460054157
212,34.681417064190015,3.795170063580791,30.609728173647373,30.886247002315997,127.97422900267087,-2.8457385898758987,0.5965983532808627,11.536911411286706,15.781669246618915,7.215088021621678,-30.615538795380708,28.44173124639822
213,42.299948225064455,15.909409558686576,41.598579151619155,26.39053866637788,121.36643784634559,7.1382673642242755,0.053727506023545965,16.331343973434272,15.768984293432414,8.405809452088322,-33.06947422084384,29.12301087098245
214,47.15018463892526,8.527609711948136,41.125385991124105,38.622574920214376,136.12148852579332,4.715099105890485,0.7798421707798081,20.304980224861943,14.707929541868623,12.991453901441801,-25.03541454089956,16.950477009258204
215,68.83935412542522,13.298826572783128,55.76443222545568,55.54052755287257,126.50025890546648,10.612231759828294,0.39071040112399735,35.050921571677385,7.616551913834127,7.777443744935011,-11.698556175777197,13.26539475960196
216,39.93552426685341,16.512428986568377,33.360452382799764,23.423095280285036,122.73539241010147,7.631796976212853,0.42972432286975915,13.844298542160072,17.045739446473466,8.781809262748666,-32.44319144643534,32.91362128024633
217,45.22716453776437,11.3802637785788,35.80648322569972,33.84690075918557,135.67824917300143,-2.2126274270133273,0.22267297547347623,35.22465455315804,11.625914663737117,9.12212748382193,-24.312440313012058,35.193913213408194
218,46.51713793538742,8.620070329743035,37.898787365369515,37.89706760637335,119.78833357219985,1.0808988574952547,0.44967839944092936,22.74295181065037,15.615777339579852,12.03529955114756,1.0835853383607368,36.20549251219755
219,51.5366648718554,15.281625622233097,34.487790494132135,36.25503924962231,129.950282654617,1.238546477058113,0.12642674382519617,31.67443199794672,13.384289476484927,11.493901994326574,-28.46425805124878,30.841646838665596
220,48.108353834671924,16.66578413598156,34.77594671198885,31.442569693291944,116.3399337905203,4.868169285454881,0.6023387805913126,24.19977384995661,12.822833834384406,13.103229438274683,-8.274805357944599,30.48311223358096
221,42.66836663829184,15.058486055681664,39.049730355508345,27.609880581029095,121.27238384855929,6.490862144634136,0.09933678071199767,15.833825016704704,16.372874387772985,8.100596737167317,-33.76390668622392,29.661961697970764
222,73.114436754115,19.641233308314135,61.086315012237804,53.47320344580087,111.23648939711651,0.8653832560022199,0.4109199189666095,25.493365008345165,12.415859664508424,7.093603240401126,-8.991847538966578,16.976413045466707
223,49.85260871654832,12.613615354232353,51.29709000636236,37.23899337067902,125.89814792272213,1.6813049745622095,0.6810924307721845,32.91299324084192,8.642327754930065,15.41839404692735,-8.210679840119887,12.263087352529045
224,69.1247260560865,14.997140415246514,61.77400946320671,54.12758564083999,119.60692356249764,7.402318261959065,0.4649279536668224,33.49617346332718,9.198491321456096,8.318565581137701,-14.967159826298786,12.937459175086216
225,47.339322159462114,19.292663102145184,32.911472242374884,28.046659049271362,117.09922307751802,2.232290633091418,0.6019067448300947,25.543070492910715,12.65672605927774,12.681384542352308,-11.042567659867007,29.34485509017471
226,66.03775187977654,17.432510342403813,45.974711381754005,48.60524153019347,119.4037461059633,4.852728523964295,0.08579522540226636,17.361580959226366,13.176059282745197,13.371753198272598,-18.167220490846805,40.0233170835484
227,34.22197720851195,5.257285079443334,36.61154493238713,28.964692128166067,123.58513903406767,-0.4845663633358325,0.6464179240153436,18.927983499013354,17.261684067112643,13.48151818153792,1.4485989549152412,40.060187731256775
228,37.28768040096295,3.000026975748267,41.64241289833082,34.287653426214675,124.38963980177358,-2.7131109005953467,0.6232527484376603,10.587210228603174,10.465456573192041,8.103397196289336,-5.663897641081985,24.37105289642365
229,66.01625118130396,15.514501520222108,43.582723373882786,50.501749651081845,117.51652049787009,5.414651716306561,0.034918831245084256,25.440943307301588,15.385245921598262,15.103471737698927,-10.762990707183285,36.128878008383396
230,45.13996494036695,11.3177134904886,35.81747579036223,33.82225144987835,135.7640235084832,-2.256542113300139,0.22563929310954792,35.262882684319536,11.596078255381219,9.092648362648935,-24.29256038558196,35.18811781296301
231,46.05446716981655,10.205091398327216,41.04807500650197,35.84937577257929,128.08530955865197,-2.2946888815647757,0.9124265054059959,26.8934720830341,17.703132756945593,15.801249031459196,-10.92112166777626,35.047349994584266
232,54.95171559236336,13.494641854045192,40.050794000578556,41.457073738318165,118.55578070535489,4.810108120184078,0.18775419281939637,16.53502993671219,17.38379004869721,15.346851049075667,0.0553651994664372,30.00938004399317
233,38.341360984591454,15.190150459057168,24.980170202144432,23.151210524144858,124.70730560516371,6.2498416704501665,0.7417621981873275,11.140193627216156,18.127076001073043,9.092263517496907,-32.1520208436992,34.15892696756354
234,51.33872516482043,14.093747642764617,36.23001431097755,37.244977522055805,116.0221954243869,6.737683935263232,0.6546113454781367,23.550176141080943,13.130355738684656,14.152885457218785,-3.147765029750832,28.92923347892979
235,35.93534657795608,11.1574422977619,33.353165607204474,24.77790428280622,140.69053118082536,-2.269839627605423,0.5613195486116497,24.225435135363828,15.744212270430694,10.408741436044814,-1.4426519232789325,24.82710539230875
236,62.850920084724194,21.15433527316348,42.78051338114055,41.69658481156072,118.54140560969351,-7.430843217234676,0.2684131047219209,18.22363618114524,12.192149712351139,8.374114213260652,-2.8687693038073254,24.689912242424533
237,59.491302661736945,15.576411271648896,47.07586866333067,43.914891389941495,122.3022191013161,2.9941721292019587,0.4639056678958979,8.914290606552045,14.346132976641869,9.2775727202461,0.01721197481392034,24.68021290425696
238,55.45737575586254,12.268170317798576,45.466058905590785,43.18920542970801,124.02948707270914,0.9429439777010389,0.31667501897293093,24.052079180003908,10.505403502378353,13.579187961388483,-19.00743270352126,41.34260333991339
239,53.14855346404155,7.692631329309734,51.24551454354406,45.45592213612822,118.0240487123935,-3.4461257767280555,0.49135701296970014,25.88346854430259,15.233459142601017,11.331275118258006,5.700586132597051,40.747349159978654
240,48.80703971237689,12.32250688435776,37.29774857723833,36.48453282801913,119.86273721563265,1.8381305442982592,0.8172685407197843,33.0059014226813,12.948973708569223,13.877661579810262,-3.473975054269991,13.672359854001986
241,62.159512860196834,18.860375792966675,51.83728829089613,43.299137067230156,118.21089377517623,3.274784899773268,0.43300561195219955,14.812736266468326,8.238254947055509,13.003146464166027,-21.96620909006725,41.33810618304757
242,35.94593913778877,-0.40930377239224613,32.90037743156128,36.355242916197135,135.25610488545422,-2.064206975220991,0.33719984957355736,10.403448352175046,16.62007803621573,13.57089234083686,-11.275384429516377,26.730228537527807
243,61.69038517110815,23.41123497282956,47.00905545381278,38.27915019982184,123.94781654461774,-1.1418228947954623,0.15773575860395134,15.43649472103393,13.636548643733894,8.663341271881269,4.038333069145112,17.649861509892258
244,44.68820778370721,9.110349278253148,47.57356478610264,35.577858507264864,128.8584034319278,4.483660521841,0.5577098551805998,33.03655382038072,8.209316204021354,11.781683214356587,-5.101579337378452,33.85287029209712
245,47.170221186038354,19.27822156914362,36.44791738190337,27.891999616894733,123.89087969783563,3.9554536922630925,0.22047673523790262,30.63292362369732,14.0444967980916,12.938909499006307,-27.452986150686282,12.589704832809446
246,54.89639780079288,18.854865709617798,51.546641378034025,36.04153209121073,125.81390790870178,1.9999198566529084,0.10760808323439239,7.562905322270548,11.349049460757424,8.436633621039082,-17.893247365284513,9.963091119331809
247,61.796886020048404,10.817267733797514,50.11979224845966,50.9796182811417,120.70617691517457,4.475358049120806,0.058980618586522364,28.9686847643753,11.792392084879399,11.508796227487052,0.22027504016581778,38.656893754345255
248,51.539462727712305,15.303489076853978,34.504074301642,36.235973650858334,129.93232137428475,1.2312561547200915,0.12256787213076026,31.698134576075134,13.397979146036766,11.487257548634327,-28.378634470143716,30.99352829884029
249,45.71974962928387,9.632630184162743,49.700093575194074,36.08711944633273,127.71107369906902,2.866806066471889,0.621479472164809,32.961983491486606,9.480277430355667,13.064574494915746,-4.782402450935303,35.761199608786356
250,36.07094383597228,-0.21437994279490358,36.67479524277434,36.28532378390706,133.14269584992581,-1.9498140195253302,0.47497567437995236,10.56330776081268,15.241037747256971,11.844201960097799,-10.206400121485517,26.605965301990125
251,63.86610905604043,15.953086569899593,62.86057183816032,47.91302248614083,141.89384685142727,6.229947550262669,0.13431028172911436,31.87430942157574,11.23563280954482,13.133744211445949,-10.290566796517458,31.957463460273804
252,38.058226750305664,7.047671470828811,48.9820100081899,31.01055527713037,132.74301136589355,7.610655465329129,0.09968175836737395,21.38308424281529,11.133931914153402,13.669232511649158,-28.380745665078557,37.43436659564142
253,51.529241531975465,15.234240045292697,34.892453157427326,36.295001485109715,115.57752676632548,5.752653635842445,0.6022480666559222,23.360836372520914,13.535414364110439,12.848176599745464,-1.9853404219949518,31.12202976193525
254,49.21536386656544,7.573091980198699,33.09991480172514,41.642271888729006,119.29743749389826,0.21227440400854447,0.3197808046899326,31.932593868574035,14.14416656020807,12.72326638470954,-5.765678853562839,34.585820266003445
255,49.496656200179885,15.518388969684482,35.32504937284171,33.97826722761918,116.08940561808471,5.819837358744514,0.6506420384753698,24.1708190973083,12.749185857265012,13.486481404687225,-6.033948876643841,29.669882190341013
256,45.44667427924508,-0.5637464541605017,46.00583254586455,46.01042073041141,135.53024847354294,-3.804291731356833,0.2929616953861326,14.543511734929918,16.499689880100725,11.895468156777588,-31.445171054046956,8.69510611037037
257,41.501896021561436,17.76452791106345,35.57453656195139,23.737368110497986,126.33877016002562,6.592551904118917,0.33553629959184206,33.36582255855768,13.21743527833123,14.450722977044023,-28.356328834968807,16.157856764627734
258,44.117692212882964,14.175720919221064,27.254920303934743,29.941971293661894,126.83962286118332,1.250213562893727,0.6503752558091354,34.86556770310046,17.94937678180979,10.13864945293213,-12.933540175359079,21.224206993137233
259,54.14913555853921,6.891704212863225,46.7923928879329,47.25743134352268,112.05005167314583,-4.229644662840327,0.4956167610624176,27.707632424103725,18.615270899648223,12.119014125959891,5.676184580214957,43.287567788879116
260,63.62837876190394,17.059094271990045,49.370610917385264,46.56928448991389,116.94502611681744,-0.31171094304194424,0.9463162534651122,15.470602837122438,9.971453758352641,15.081640367855373,-26.804749166231364,40.114492845040544
261,74.81603815967284,15.234121284294522,55.632915185298216,59.58191687537831,105.55661388422345,1.2072510146927127,0.24065515939073812,15.124129114755924,12.985518204004904,12.332704515986823,-25.3455182294031,31.642510947611097
262,41.67275724981966,10.842108428765876,40.2063818289823,30.830648820178816,131.89137768834027,0.7454023000491317,0.0814261373061617,17.1683282076771,9.45156292138245,13.08177433330981,-28.078089184613425,34.91319740085442
263,63.24810157787495,15.239508026547558,61.11950460471795,48.008593551327394,138.80900538994646,5.773296461332351,0.13005106281343376,32.5915341899421,13.079036725738817,11.890315617309119,-12.616401298591754,36.21388510761064
264,86.76484678076199,27.48213306678497,65.05459695182456,59.282713713977,111.19671777871623,6.06807466064294,0.648596643336572,21.696651545113383,13.001687517946213,13.099281826401846,-8.018041205883737,34.349954201451936
265,58.13417497218217,14.439992493706125,41.88919000825527,43.69418247847605,122.3890841609155,2.693237736532456,0.657510068025862,25.534895889021122,14.42802999543086,8.550762963813863,-33.81878517409124,17.060883094878285
266,74.48859029657528,15.907272983329678,58.732005956205306,58.58131731324561,105.69352695761803,0.6094210410370207,0.13163716465869713,18.40721919744185,15.470818253909306,10.379816688436538,-31.381060111246388,16.631889396243736
267,74.06401384319044,16.923660535330477,59.36212529107477,57.14035330785996,107.22807139913301,0.6659418489098149,0.20861994202384246,20.365624029634596,14.622046011188486,9.458703713836046,-25.195149544876312,16.681829590054402
268,64.77599424748608,19.558023620367905,62.856126362135136,45.21797062711818,133.35074168956987,1.1685844475765066,0.5610553736402029,30.91413562265299,14.250600932815047,13.355820861253907,-13.116863528970253,26.439519227953053
269,56.13084513832634,18.414253448610616,43.49856914066864,37.716591688343776,136.86004707038288,-1.5834836930692147,0.11496942463457441,12.771636087376606,15.227581212787241,14.850849872316227,-13.587757763614722,40.609010452447585
270,41.008651124511765,9.651562504577887,50.86486466691621,31.357088618473828,134.0142369713036,7.446352890630271,0.04521058238775984,21.50248860439092,13.471978429012834,12.593352890291873,-28.25498292299335,38.54682865924412
271,35.538229115101586,4.722930744680937,29.111927566543052,30.815298366420656,125.0254371096215,-0.6202443378846823,0.45201343465974775,15.783784689340722,10.843003927625647,14.084294451128029,-4.325743210666145,11.001976798266444
272,62.270575873144125,14.11081396844067,58.365592986355956,48.15976190470345,133.92959546343832,5.050994234751227,0.12331409583608796,33.725995619484884,15.994818129598483,9.923537777704059,-16.29526133031241,42.946427540261304
273,47.52989819162098,16.200470058123365,47.16879912253414,31.32942813349762,133.58154354958728,-2.864563101456982,0.790202103756419,35.52408949843933,14.554405581528695,11.387764012469638,-29.231307628657483,10.555088942985757
274,34.60692493261272,3.031567546002077,30.67277518937777,31.575357383101778,126.61685158975907,-0.418059541859234,0.3459334505405592,23.349177397366976,12.32725261451431,11.905657065900584,-9.764636350188145,43.72951982623171
275,44.78792384883701,8.71151445471734,40.86747396875932,36.07640938902211,118.28920484801911,-0.5934841676023224,0.1513695433901046,14.1302494890888,15.14966262847642,9.615511994011365,4.3689125970567195,33.165760900226424
276,42.74579477224308,10.087623357073142,31.775280279518523,32.65817141907316,134.73494150614653,-1.2829961520154969,0.7688101617639583,31.42852558846506,13.979288620848477,13.333336995840632,-5.131609475092776,19.102180892110923
277,42.3969742782674,0.9931805704004861,48.59771480791323,41.40379370746463,137.94220835988352,-0.9017852858313781,0.2827146425332277,12.371255211106924,16.517411875067484,14.40096298303218,-29.393928217097884,7.875714931751957
278,43.34276030537494,18.484665236661137,32.708999772199356,24.858095060054602,114.68136096367725,0.20485674597218528,0.5561695640260225,25.087713167602807,12.635303121756372,10.7631197499309,-8.373593686212773,14.890394173749826
279,43.010475767823024,13.451885683397872,40.032099508473266,29.558590084498217,127.64372584514834,0.45763912450769784,0.10986968430564786,9.0587186307968,14.718964532303293,10.448917312489089,-17.003487561057582,32.78367314530007
280,45.22594994397747,10.524447879034375,42.596022249584486,34.70150206468477,129.91177886113294,-3.4187913927970692,0.9654805661796109,26.76619806421507,18.236342632050324,16.450218297745568,-13.008215790095669,33.750811934906
281,54.60812215408555,14.259484741885268,41.92023849690315,40.34863741952953,113.884985253397,3.345474018215951,0.5743699857973992,25.03829640063838,10.963688176401584,9.802298364117664,-30.955524503362618,37.214141098531684
282,63.825697816047544,20.293087536101897,65.42727270880046,43.53261027193687,124.09230994980437,11.171218793519767,0.5137094465113881,23.592619334829653,8.607464118269716,9.641711505593982,-9.060666235366282,33.92336062742518
283,46.53782630707293,11.409313338946898,41.5082044525635,35.12851296812603,130.06637851937492,-2.7680959750317986,0.8509995092437275,27.45011479545835,17.726514938407888,15.719483555884086,-15.179542920679033,34.47296976939174
284,59.616883424699786,11.776568378970694,39.37702763474169,47.840315039208626,116.34975508251532,3.5124955925941914,0.03532305381554203,33.42648293721387,14.57871935821437,14.831357609499404,-5.939300472544441,32.53308070678882
285,36.73537895921053,13.890944324351022,20.711457049535582,22.844434634859503,126.2972541573291,0.03187137407321591,0.6645443400812465,8.654086024161646,10.757520794780797,7.4676985749135145,-26.201620399717793,22.258564294123868
286,64.03365041707514,18.253809235375332,41.34595247601123,45.779841178562194,113.79459557747484,-5.721216116364838,0.2935082807554725,23.6916123779162,12.469909612711051,10.591668209802478,-6.670605513802294,30.59370964974782
287,50.45375573341004,7.639995199398089,44.62855801000753,42.8137605302608,114.74828515164614,-2.383523607916948,0.3558963550162099,22.318371441080757,17.56748220927226,11.138798418757393,5.714035597125584,39.31304124193527
288,42.45940647348875,10.032861602560171,31.264968270231698,32.426544865732396,124.63795488674961,1.4106316002124342,0.26681804199884795,12.805004130725223,16.794674301656727,8.431394300606678,-33.83485587928837,25.330060853197107
289,40.53967310734051,-1.148296947059527,31.066484670729988,41.68797005645491,119.35835677491839,-6.030943021942518,0.4594979135546753,27.20989266728074,16.39062440981211,8.057331167216127,-11.202561380652034,23.595320374191036
290,78.02683545314127,20.477776453927117,82.12925551966472,57.54905899921416,102.28159495733425,1.027551327065848,0.5345958882006707,20.772333881072033,15.089168073030724,10.175985968818106,-20.07658708741963,19.13508062456706
291,56.66418595406586,11.835274156098247,45.921309817645884,44.82891179740059,122.17100935815245,5.895103976623402,0.5191666675495862,26.725338683661573,14.850636039466034,11.17246904548514,-25.02913994833967,15.08790569434222
292,46.77502322843523,-2.0920900971898804,56.397321834718355,48.86711332366351,123.326041744941,-2.486840799666377,0.6182154839729234,13.850471337901348,9.216156803802814,11.444798322868468,-29.00878574131065,15.748731626385528
293,46.55473030020792,9.925773397417887,40.324789158007555,36.62895689813061,117.93316637389343,1.7095756271110356,0.2813497348098155,16.83462908338275,15.326969877269924,10.689653550701971,3.7015029166867905,32.60725380680629
294,39.75797427937991,11.956424343090857,24.527122771558883,27.801549932839954,124.7911061970431,0.9490138224336044,0.496057160780327,10.562895063859829,14.269036035600516,7.522222253967822,-30.57217742116313,24.68003191028759
295,47.028014453576496,11.848735537894276,40.881048651725926,35.17927891568222,130.00074792492777,-2.404098366615565,0.7694800912130408,27.929032192452144,17.34957656513673,15.292149900089647,-16.200172527535756,34.5834153197552
296,40.35492891972956,11.406909520635846,32.82995142067221,28.9480194056931,136.8164768042901,-3.297676141119576,0.7817749098266402,31.301947203358466,15.163463113474307,13.061708688477756,-5.251091047021706,22.015826648929625
297,74.84421259891835,15.179102074434896,55.297808078525264,59.66511052448345,105.57224983031674,1.2754925201994145,0.2544464932144045,14.795205947245993,12.689423601803625,12.533284376575107,-24.54312159981978,33.328291022930316
298,51.07019180240539,16.750966253010233,33.30140028980482,34.31922554071555,115.74565337778391,-0.2111471343121502,0.08466562811457973,17.724646630351305,17.502541872460647,7.969395801851269,5.932462301714068,40.518772790183824
299,39.51370541776071,6.241647745205368,36.86744866251348,33.27205767618024,132.35969148611727,-0.6154489274027506,0.22535884018510552,9.754374331161682,16.199215759547187,12.15115047231518,-14.949775016598792,30.612680234658285
300,40.56329362586093,12.801966465504547,26.79323368158903,27.761327156396877,124.13933206340553,4.184448156411861,0.5394401509166845,11.900056477019914,17.962774384679932,8.490104518619033,-33.49213568781026,31.153143631417223
301,59.00285289678325,13.355152146078781,63.328081028986915,45.6477007557747,119.04313605869883,16.02467659600598,0.6711693410113607,13.64155083566574,15.0754001952949,12.36074454767169,-9.783567947886388,14.347633593157532
302,39.82296565668805,6.725862893347414,27.663336452280486,33.097102760753685,131.6027583040628,-1.1511415428534428,0.23520225693957425,24.734403200881122,12.009251601205015,12.342659813862278,-33.007118280842505,42.15898326987022
303,42.263163219374405,11.55543858369032,38.50172931415425,30.707724634996424,131.8541790017126,-0.1857493254110718,0.09113783201975514,16.731310089725767,9.138936176523924,12.89954874501899,-27.70603910182037,34.37366550712581
304,55.41777445813218,13.743342967082885,40.521390787078374,41.67443149104929,118.71823573773932,4.691766301651091,0.2061200311761353,16.00810450194475,17.21884289656835,14.860984886084267,0.01797932280891429,29.66219875398327
305,46.11489873423583,9.832698492965383,50.51469547551186,36.282200242252514,127.2715701355752,2.2474433197095065,0.6459074749477239,32.93341809799836,9.967140075015418,13.556007143467427,-4.660136484178658,36.49221660502056
306,47.31543225816131,6.24987858370751,50.75656683576628,41.065553673094804,132.77625660825535,8.69783468690909,0.40764581948002904,16.62204031599553,10.394183129132085,13.589338880942313,2.601939167877237,23.307221563162134
307,61.58186360592445,14.448393064337253,43.13983500220779,47.13347053158719,120.83500830869478,2.720434749024408,0.18133482758581854,20.142637821824096,12.644882752621937,14.086189140336584,-18.37118477553874,40.03517492348833
308,34.37890451371255,5.2443902289391975,36.873908872609796,29.134514283537932,123.69102710190698,-0.17975703321829545,0.6502447465392159,19.16360947007421,17.62080345986621,13.542369794768346,1.970597234082694,40.28070509735002
309,46.62600947308449,15.600352185995426,40.121338722533864,31.02565729663966,119.46164336108633,8.632858303814901,0.500408248591413,24.04038204088596,10.967444948372648,7.814635787724398,5.075236847728345,17.103379434712675
